line_id,wavelength,atomic_number,ion_number,f_ul,f_lu,level_number_lower,level_number_upper,nu,B_lu,B_ul,A_ul,wavelength_cm
566138,912.7677031995009,1,0,6.448888888888889e-08,5.804e-05,0.0,29.0,3284433234755625.0,889453.3487899831,988.2814986555367,516.3053096358842,9.12767703199501e-06
566137,912.8389369534501,1,0,7.642092746730084e-08,6.427e-05,0.0,28.0,3284176932685856.5,985003.9280094407,1171.2294031027832,611.7390689488402,9.128389369534504e-06
566136,912.9179514193913,1,0,9.109693877551021e-08,7.142e-05,0.0,27.0,3283892682073860.5,1094679.7865093194,1396.2752378945402,729.0923070629659,9.129179514193915e-06
566135,913.0059229915935,1,0,1.0930041152263374e-07,7.968e-05,0.0,26.0,3283576266599535.5,1221401.4361425664,1675.4477862037947,874.6148238136616,9.130059229915937e-06
566134,913.104259215531,1,0,1.3204142011834318e-07,8.926e-05,0.0,25.0,3283222643792710.0,1368399.027937285,2024.2589170669892,1056.359339032201,9.131042592155312e-06
566133,913.2146555437877,1,0,1.6064000000000001e-07,0.0001004,0.0,24.0,3282825742886090.0,1539366.713302264,2462.9867412836225,1284.8433382072365,9.132146555437879e-06
566132,913.339169051211,1,0,1.9722222222222222e-07,0.0001136,0.0,23.0,3282378202518440.0,1741991.0538080959,3024.2900239723886,1577.0080443787185,9.133391690512113e-06
566131,913.4803151628769,1,0,2.440453686200378e-07,0.0001291,0.0,22.0,3281871026925696.5,1979980.6283700457,3742.8745337808045,1950.8074742307663,9.13480315162877e-06
566130,913.6411959918757,1,0,3.0495867768595043e-07,0.0001476,0.0,21.0,3281293130335880.0,2264110.0738806515,4677.913375786469,2436.867272260762,9.136411959918759e-06
566129,913.8256726794593,1,0,3.850340136054422e-07,0.0001698,0.0,20.0,3280630726000160.0,2605172.8688530535,5907.421471322116,3075.4920843839195,9.138256726794594e-06
566128,914.0385998769054,1,0,4.9175e-07,0.00019669999999999998,0.0,19.0,3279866496233018.5,3018591.899310292,7546.479748275732,3926.0653348959695,9.140385998769056e-06
566127,914.2861493891218,1,0,6.360110803324099e-07,0.00022959999999999997,0.0,18.0,3278978448927675.5,3524435.201880833,9762.978398561863,5075.076899946312,9.142861493891219e-06
566126,914.5762639845,1,0,8.339506172839506e-07,0.0002702,0.0,17.0,3277938317510072.0,4148974.604440569,12805.477174199286,6650.322544499182,9.145762639845001e-06
566125,914.9193049031503,1,0,1.1110726643598617e-06,0.00032110000000000005,0.0,16.0,3276709283467734.5,4932403.56357501,17067.140358391036,8853.5838930122,9.149193049031505e-06
566124,915.3289937886257,1,0,1.5062500000000002e-06,0.00038560000000000005,0.0,15.0,3275242672682453.5,5925837.669329775,23147.803395819432,11991.813020052614,9.153289937886258e-06
566123,915.8238128563785,1,0,2.0826666666666666e-06,0.0004686,0.0,14.0,3273473060991635.0,7205261.078844047,32023.382572640203,16562.966731776458,9.158238128563786e-06
566122,916.4291374589823,1,0,2.945918367346939e-06,0.0005774,0.0,13.0,3271310849317229.5,8884053.688099911,45326.80453112199,23397.26839951746,9.164291374589825e-06
566121,917.1805749511055,1,0,4.276331360946746e-06,0.0007227000000000001,0.0,12.0,3268630694844161.5,11128801.825374879,65850.89837499928,33908.133196109055,9.171805749511057e-06
566120,918.1293597483397,1,0,6.3986111111111114e-06,0.0009214000000000001,0.0,11.0,3265252927781041.5,14203245.35087723,98633.64826998077,50631.429801957165,9.181293597483398e-06
566119,919.3513947052538,1,0,9.925619834710745e-06,0.001201,0.0,10.0,3260912636088556.0,18537879.404372834,153205.6149121722,78331.56172525145,9.19351394705254e-06
566118,920.9630642299128,1,0,1.605e-05,0.001605,0.0,9.0,3255206095053108.5,24817198.566647228,248171.98566647226,126221.35488558869,9.20963064229913e-06
566117,923.1503304302224,1,0,2.7358024691358026e-05,0.002216,0.0,8.0,3247493372615546.5,34346120.67360028,424026.18115555897,214132.26212204693,9.231503304302225e-06
566116,926.2256603912437,1,0,4.9734374999999994e-05,0.0031829999999999996,0.0,7.0,3236710780322861.0,49498148.376742445,773408.5683866007,386692.0772603411,9.262256603912439e-06
566115,930.7482060805992,1,0,9.824489795918367e-05,0.004814,0.0,6.0,3220983462997285.5,75227009.85562779,1535245.0990944451,756463.2199074086,9.307482060805994e-06
566114,937.8033810660834,1,0,0.00021663888888888888,0.0077989999999999995,0.0,5.0,3196751729122575.5,122796565.57283244,3411015.7103564567,1643066.1857734239,9.378033810660835e-06
566113,949.7429176635192,1,0,0.0005576,0.013940000000000001,0.0,4.0,3156564291498221.0,222282024.37253454,8891280.974901382,4123375.2947620493,9.497429176635193e-06
566112,972.5366093327499,1,0,0.001811875,0.02899,0.0,3.0,3082582754449576.0,473357954.74231493,29584872.171394683,12777872.26666464,9.7253660933275e-06
566111,1025.722024572974,1,0,0.00878888888888889,0.0791,0.0,2.0,2922745644706311.0,1362202491.6473176,151355832.40525752,55720735.32413264,1.0257220245729742e-05
566110,1215.6710255412443,1,0,0.10405,0.4162,0.0,1.0,2466065668271772.5,8494809569.134993,2123702392.2837481,469626050.6849766,1.2156710255412445e-05
566166,3663.2983793342364,1,0,5.719999999999999e-07,0.00012869999999999998,1.0,29.0,818367566483852.4,7915645.690464925,35180.64751317744,284.31100327495847,3.663298379334237e-05
566165,3664.44603613551,1,0,6.782401902497027e-07,0.0001426,1.0,28.0,818111264414083.8,8773307.712666828,41727.97960840347,336.90626477885934,3.6644460361355106e-05
566164,3665.71968081931,1,0,8.091836734693876e-07,0.00015859999999999998,1.0,27.0,817827013802088.1,9761081.526881438,49801.436361639986,401.67133152703775,3.6657196808193106e-05
566163,3667.138488641401,1,0,9.717421124828533e-07,0.0001771,1.0,26.0,817510598327762.8,10903887.911018057,59829.28894934463,481.99066639918595,3.667138488641402e-05
566162,3668.725434410962,1,0,1.1745562130177515e-06,0.0001985,1.0,25.0,817156975520937.5,12226755.499068094,72347.66567495915,582.0839333167194,3.6687254344109626e-05
566161,3670.5082351333717,1,0,1.43168e-06,0.00022370000000000002,1.0,24.0,816760074614317.5,13785664.115902,88228.25034177279,708.8196999855528,3.670508235133372e-05
566160,3672.520577877234,1,0,1.7583333333333336e-06,0.00025320000000000003,1.0,23.0,816312534246667.2,15612176.238552539,108417.89054550373,869.5908476029213,3.672520577877234e-05
566159,3674.8037362080654,1,0,2.179206049149338e-06,0.00028819999999999996,1.0,22.0,815805358653923.6,17781305.010363586,134452.21179859043,1076.396368786132,3.674803736208066e-05
566158,3677.408722725595,1,0,2.7272727272727272e-06,0.00033,1.0,21.0,815227462064107.9,20374705.856601473,168385.9988148882,1345.2004147994514,3.677408722725596e-05
566157,3680.3991916378536,1,0,3.4503401360544216e-06,0.0003804,1.0,20.0,814565057728387.6,23505578.32040404,213202.5244481092,1699.0817831469217,3.680399191637854e-05
566156,3683.8554066238494,1,0,4.416000000000001e-06,0.00044160000000000005,1.0,19.0,813800827961245.5,27312857.961975668,273128.5796197567,2170.5317368765914,3.68385540662385e-05
566155,3687.8797471742405,1,0,5.725207756232687e-06,0.0005167,1.0,18.0,812912780655902.8,31992687.123769622,354489.60801960796,2807.889255867527,3.687879747174241e-05
566154,3692.60447782378,1,0,7.52962962962963e-06,0.0006099,1.0,17.0,811872649238299.4,37811763.36287804,466811.8933688647,3683.4116487915016,3.692604477823781e-05
566153,3698.202914082403,1,0,1.0062283737024222e-05,0.000727,1.0,16.0,810643615195961.6,45139906.301536955,624773.7896406499,4907.466156297094,3.698202914082404e-05
566152,3704.905803870897,1,0,1.3693749999999999e-05,0.0008763999999999999,1.0,15.0,809177004410681.2,54514878.12047331,851794.9706323955,6654.421103975313,3.704905803870898e-05
566151,3713.0259235069425,1,0,1.9022222222222223e-05,0.00107,1.0,14.0,807407392719862.4,66703291.51859564,1185836.2936639227,9203.383408067491,3.713025923506943e-05
566150,3722.995990001166,1,0,2.7061224489795917e-05,0.001326,1.0,13.0,805245181045457.0,82884171.07381143,1691513.6953839068,13022.804888975952,3.722995990001167e-05
566149,3735.428882072766,1,0,3.957396449704142e-05,0.0016719999999999999,1.0,12.0,802565026572389.1,104860579.00883074,2481907.1954752835,18917.809234599892,3.735428882072767e-05
566148,3751.2166821088163,1,0,5.975e-05,0.002151,1.0,11.0,799187259509269.5,135471539.89049298,3763098.330291472,28322.77708063573,3.751216682108817e-05
566147,3771.700341556864,1,0,9.371900826446282e-05,0.0028350000000000003,1.0,10.0,794846967816783.4,179525336.8408048,5934721.879034869,43943.5914953558,3.771700341556865e-05
566146,3798.9747809874884,1,0,0.00015403999999999998,0.003851,1.0,9.0,789140426781336.1,245626621.72121188,9825064.868848475,71193.92153303637,3.7989747809874894e-05
566145,3836.4708127639155,1,0,0.00026809876543209876,0.005429,1.0,8.0,781427704343774.0,349693247.3671922,17268802.3391206,121499.15117009329,3.836470812763916e-05
566144,3890.1493477600334,1,0,0.00050225,0.008036,1.0,7.0,770645112051088.4,524857864.12087417,32803616.507554635,221375.53442933073,3.890149347760034e-05
566143,3971.1934212519695,1,0,0.001036734693877551,0.0127,1.0,6.0,754917794725512.4,846759869.3697603,69123254.64242941,438498.1629641473,3.97119342125197e-05
566142,4102.89006541229,1,0,0.002454444444444445,0.022090000000000002,1.0,5.0,730686060850803.0,1521672185.4653037,169074687.27392265,972558.3620688042,4.1028900654122904e-05
566141,4341.680749473173,1,0,0.0071472,0.04467,1.0,4.0,690498623226448.1,3256187046.9120655,520989927.5059304,2529078.9680511863,4.341680749473174e-05
566140,4862.678824663423,1,0,0.029825,0.1193,1.0,3.0,616517086177803.4,9739833558.04922,2434958389.512305,8413399.426131653,4.862678824663424e-05
566139,6564.6070217614015,1,0,0.2847555555555556,0.6407,1.0,2.0,456679976434538.0,70615325101.77882,31384588934.12392,44075471.48232257,6.564607021761403e-05
566193,8288.712862919203,1,0,2.0299999999999996e-06,0.00020299999999999997,2.0,29.0,361687590049314.4,28250012.149767097,282500.12149767095,197.08976627069597,8.288712862919205e-05
566192,8294.5906447636,1,0,2.4099881093935787e-06,0.00022519999999999997,2.0,28.0,361431287979545.8,31361646.096081913,335618.09139683377,233.65076723705351,8.294590644763603e-05
566191,8301.119128242835,1,0,2.879081632653061e-06,0.0002508,2.0,27.0,361147037367550.0,34954225.56642857,401260.24247175653,278.69098006638814,8.301119128242837e-05
566190,8308.398450969416,1,0,3.462962962962963e-06,0.00028050000000000004,2.0,26.0,360830621893224.7,39127823.21476815,483059.5458613352,334.6227324828557,8.308398450969418e-05
566189,8316.548871628433,1,0,4.193786982248521e-06,0.000315,2.0,25.0,360476999086399.5,43983441.07509711,585578.3575086893,404.4476404663509,8.316548871628434e-05
566188,8325.715848097794,1,0,5.1192e-06,0.0003555,2.0,24.0,360080098179779.44,49693169.27551045,715581.6375673505,492.60765313673505,8.325715848097795e-05
566187,8336.076684041785,1,0,6.303125e-06,0.0004034,2.0,23.0,359632557812129.2,56458989.4972572,882171.7108946438,605.0269840253467,8.336076684041787e-05
566186,8347.849326251746,1,0,7.829489603024575e-06,0.0004602,2.0,22.0,359125382219385.7,64499555.540291436,1097345.9354680963,749.4220638394601,8.347849326251748e-05
566185,8361.304151208797,1,0,9.825619834710742e-06,0.0005283999999999999,2.0,21.0,358547485629569.94,74177524.64172372,1379334.135899821,937.4630092830477,8.361304151208798e-05
566184,8376.779968479565,1,0,1.2467346938775512e-05,0.0006109,2.0,20.0,357885081293849.56,85917719.1063564,1753422.838905233,1185.1192589599946,8.376779968479566e-05
566183,8394.706069902495,1,0,1.60155e-05,0.0007118,2.0,19.0,357120851526707.56,100322647.3742776,2257259.565921246,1515.904141950638,8.394706069902496e-05
566182,8415.633104179464,1,0,2.0844598337950142e-05,0.0008361000000000001,2.0,18.0,356232804221364.8,118135526.90805824,2945207.0420291526,1963.1892671649528,8.415633104179466e-05
566181,8440.277093374354,1,0,2.7544444444444446e-05,0.0009916,2.0,17.0,355192672803761.4,140516954.5656284,3903248.7379341223,2579.068247791566,8.440277093374356e-05
566180,8469.583459166102,1,0,3.699653979238754e-05,0.001188,2.0,16.0,353963638761423.7,168932807.0364627,5260883.264111294,3440.16466094972,8.469583459166104e-05
566179,8504.822288041807,1,0,5.073046875e-05,0.001443,2.0,15.0,352497027976143.25,206047372.25706783,7243852.930912541,4678.219721529154,8.504822288041809e-05
566178,8547.733769295992,1,0,7.104000000000001e-05,0.0017760000000000002,2.0,14.0,350727416285324.3,254876300.27609557,10195052.011043824,6485.496144429699,8.547733769295993e-05
566177,8600.756875163115,1,0,0.00010212244897959184,0.002224,2.0,13.0,348565204610918.94,321149285.4912929,14746650.864396105,9208.525714564228,8.600756875163116e-05
566176,8667.401435260612,1,0,0.00015118934911242604,0.002839,2.0,12.0,345885050137851.1,413132927.10952854,22001161.79873229,13424.113050250615,8.667401435260613e-05
566175,8752.878341993926,1,0,0.0002319375,0.003711,2.0,11.0,342507283074731.4,545352555.3484821,34084534.70928013,20193.49141552997,8.752878341993928e-05
566174,8865.21942235134,1,0,0.000371603305785124,0.0049960000000000004,2.0,10.0,338166991382245.4,743613772.7239958,55310115.3265782,31538.629482738786,8.865219422351342e-05
566173,9017.387111377573,1,0,0.0006282,0.00698,2.0,9.0,332460450346797.94,1056748506.3361729,95107365.57025556,51532.205573175874,9.017387111377575e-05
566172,9231.54905286325,1,0,0.0011366666666666667,0.01023,2.0,8.0,324747727909235.9,1585571099.863371,176174566.65148568,88966.43488365605,9.231549052863252e-05
566171,9548.590718879701,1,0,0.0022556250000000003,0.016040000000000002,2.0,7.0,313965135616550.4,2571456301.496058,361611042.3978832,165017.71493933204,9.548590718879702e-05
566170,10052.127517493736,1,0,0.005084081632653062,0.02768,2.0,6.0,298237818290974.3,4671534719.850508,858036989.3602974,335612.99112748285,0.00010052127517493738
566169,10941.08762725724,1,0,0.01396,0.05584,2.0,5.0,274006084416264.94,10257497312.683046,2564374328.1707616,777869.3372198441,0.00010941087627257243
566168,12821.580404868393,1,0,0.05421600000000001,0.1506,2.0,4.0,233818646791910.16,32419180913.325687,11670905128.797249,2199817.127028739,0.00012821580404868396
566219,14852.204341820228,1,0,5.011555555555556e-06,0.0002819,3.0,29.0,201850480306049.0,70294524.50564407,1249680.4356558945,151.54197545870701,0.0001485220434182023
566218,14871.087083111363,1,0,5.960523186682521e-06,0.0003133,3.0,28.0,201594178236280.4,78223747.42079304,1488204.4693611043,179.77991670586778,0.00014871087083111366
566217,14892.085131515143,1,0,7.132653061224489e-06,0.0003495,3.0,27.0,201309927624284.66,87385262.71495165,1783372.7084684009,214.52717132249288,0.00014892085131515146
566216,14915.52910306516,1,0,8.596982167352538e-06,0.0003917,3.0,26.0,200993512149959.34,98090679.11405756,2152881.8461247203,257.75727097256095,0.00014915529103065164
566215,14941.81735154843,1,0,1.043550295857988e-05,0.0004409,3.0,25.0,200639889343134.2,110606086.95947117,2617895.5493365955,311.78036826438324,0.00014941817351548433
566214,14971.433473938961,1,0,1.2771840000000001e-05,0.0004989,3.0,24.0,200242988436514.1,125404290.29798727,3210349.8316284744,380.07466930272153,0.00014971433473938965
566213,15004.969377313842,1,0,1.5769444444444448e-05,0.0005677000000000001,3.0,23.0,199795448068863.8,143017609.15098354,3972711.3653050987,467.18446533541373,0.00015004969377313847
566212,15043.15604100199,1,0,1.9659735349716444e-05,0.00065,3.0,22.0,199288272476120.28,164167741.2994277,4965375.918319173,579.4846990625884,0.00015043156041001993
566211,15086.905082980225,1,0,2.4766942148760334e-05,0.0007492000000000001,3.0,21.0,198710375886304.56,189772567.2051148,6273473.296036854,725.7955487198321,0.0001508690508298023
566210,15137.365742896725,1,0,3.156825396825397e-05,0.0008701000000000001,3.0,20.0,198047971550584.25,221133723.57962885,8022992.238716694,918.9506303170406,0.00015137365742896728
566209,15196.004257111126,1,0,4.0759999999999996e-05,0.001019,3.0,19.0,197283741783442.16,259979495.39877582,10399179.815951033,1177.3825341147322,0.0001519600425711113
566208,15264.716408201635,1,0,5.3362880886426595e-05,0.001204,3.0,18.0,196395694478099.44,308567891.65645415,13676139.24239132,1527.5801764735027,0.00015264716408201637
566207,15345.990321614885,1,0,7.106172839506173e-05,0.001439,3.0,17.0,195355563060496.1,370758588.26607805,18309066.087213732,2012.7422042132591,0.00015345990321614887
566206,15443.147287301355,1,0,9.627681660899654e-05,0.001739,3.0,16.0,194126529018158.3,450890309.34435534,24962785.292421054,2692.7269789461234,0.00015443147287301357
566205,15560.707216621233,1,0,0.0001331875,0.002131,3.0,15.0,192659918232877.88,556734695.1406466,34795918.44629041,3668.994250608099,0.00015560707216621237
566204,15704.959745242308,1,0,0.0001888711111111111,0.002656,3.0,14.0,190890306542058.9,700326248.5069612,49800977.67160613,5107.802623834226,0.0001570495974524231
566203,15884.887632137163,1,0,0.00027551020408163264,0.003375,3.0,13.0,188728094867653.6,900105530.4701843,73478002.48736198,7283.021988610633,0.00015884887632137165
566202,16113.720870232446,1,0,0.000415905325443787,0.004393,3.0,12.0,186047940394585.8,1188481827.4396975,112518989.58008969,10684.274452225622,0.0001611372087023245
566201,16411.680819725752,1,0,0.000654,0.005886,3.0,11.0,182670173331466.03,1621843056.2023132,180204784.02247927,16196.226847255224,0.00016411680819725756
566200,16811.117421527528,1,0,0.0010825785123966941,0.008187,3.0,10.0,178329881638980.03,2310770837.099998,305556474.3272724,25551.033199490394,0.00016811117421527532
566199,17366.855313531392,1,0,0.0019136000000000001,0.01196,3.0,9.0,172623340603532.6,3487288452.4010935,557966152.384175,42320.5220958974,0.00017366855313531395
566198,18179.087637539542,1,0,0.0036938271604938272,0.0187,3.0,8.0,164910618165970.56,5707543048.038174,1127415910.7235897,74554.63193056337,0.00018179087637539546
566167,18756.123561138877,1,0,0.47368125,0.8421,2.0,3.0,159837109743265.34,265180911089.55475,149164262487.87454,8981363.021171577,0.0001875612356113888
566197,19450.872500402464,1,0,0.008075,0.0323,3.0,7.0,154128025873285.03,10548169874.674728,2637042468.668682,142366.09853058786,0.00019450872500402467
566196,21661.19387290973,1,0,0.021384489795918366,0.06548999999999999,3.0,6.0,138400708547708.98,23817319674.367718,7777083975.303744,304001.93012135715,0.00021661193872909735
566244,23445.290964554883,1,0,1.0230555555555556e-05,0.0003683,4.0,29.0,127868943257404.19,144974911.2795641,4027080.8688767813,124.14527393156463,0.00023445290964554887
566243,23492.37937636596,1,0,1.2190844233055885e-05,0.0004101,4.0,28.0,127612641187635.6,161752976.4019901,4808352.44952408,147.34045195493212,0.00023492379376365965
566242,23544.824264617342,1,0,1.462372448979592e-05,0.00045860000000000003,4.0,27.0,127328390575639.86,181286310.16980255,5780813.462047275,175.95812137911878,0.00023544824264617347
566241,23603.479731801854,1,0,1.7664609053497942e-05,0.0005151,4.0,26.0,127011975101314.53,204128239.09467006,7000282.547828191,211.49211984394915,0.00023603479731801858
566240,23669.379284436123,1,0,2.15051775147929e-05,0.0005815,4.0,25.0,126658352294489.38,231085179.91564327,8546049.553093316,256.04218259310005,0.00023669379284436127
566239,23743.78360969822,1,0,2.6404e-05,0.0006600999999999999,4.0,24.0,126261451387869.28,263145025.38713023,10525801.01548521,312.40077278813305,0.00023743783609698224
566238,23828.244076429804,1,0,3.2717013888888885e-05,0.0007537999999999999,4.0,23.0,125813911020218.97,301566905.14705896,13088841.369229987,384.35435396076423,0.00023828244076429809
566237,23924.688244193596,1,0,4.0949905482041584e-05,0.0008664999999999999,4.0,22.0,125306735427475.47,348056990.1703907,16448818.060982548,477.2023303238687,0.00023924688244193602
566236,24035.53667249267,1,0,5.1807851239669424e-05,0.001003,4.0,21.0,124728838837659.75,404753173.51623005,20906672.18575569,598.1776187255228,0.00024035536672492675
566235,24163.865045651295,1,0,6.643990929705216e-05,0.001172,4.0,20.0,124066434501939.4,475477005.77452433,26954478.78540387,758.9941954176815,0.000241638650456513
566234,24313.633210760825,1,0,8.6375e-05,0.001382,4.0,19.0,123302204734797.34,564148463.5997652,35259278.974985324,974.6093322895546,0.00024313633210760828
566233,24490.015231511585,1,0,0.00011398891966759004,0.0016460000000000001,4.0,18.0,122414157429454.58,676790715.1913213,46869163.101892054,1267.7299596469868,0.0002449001523151159
566232,24699.885786990984,1,0,0.00015308641975308643,0.001984,4.0,17.0,121374026011851.28,822758009.5069517,63484414.313808,1673.743883252118,0.0002469988578699099
566231,24952.555498615508,1,0,0.00020977508650519032,0.002425,4.0,16.0,120144991969513.48,1015926477.1174988,87882913.24545835,2247.3259942258073,0.00024952555498615513
566230,25260.915678872498,1,0,0.0002943359375,0.003014,4.0,15.0,118678381184233.05,1278285442.5352697,124832562.7475849,3076.7155020599243,0.000252609156788725
566229,25643.282304574117,1,0,0.00042455555555555557,0.003821,4.0,14.0,116908769493414.08,1645076722.064878,182786302.4516531,4306.550338781129,0.0002564328230457412
566228,26126.488122882645,1,0,0.0006325255102040817,0.004959000000000001,4.0,13.0,114746557819008.77,2175257379.998473,277456298.469193,6180.992253047009,0.0002612648812288265
566195,26258.662553347738,1,0,0.07968888888888888,0.1793,3.0,5.0,114168974672999.55,79047547033.29587,35132243125.90928,770894.2278751859,0.00026258662553347743
566227,26751.32323775593,1,0,0.0009809171597633137,0.006631000000000001,4.0,12.0,112066403345940.97,2978240758.5040736,440568159.5420227,9142.901073631494,0.00026751323237755935
566226,27582.686493545018,1,0,0.0015987847222222224,0.009209,4.0,11.0,108688636282821.2,4264661270.452061,740392581.6757052,14017.129633782308,0.0002758268649354502
566225,28729.967799390164,1,0,0.0027768595041322316,0.01344,4.0,10.0,104348344590335.2,6482908826.657329,1339443972.4498615,22440.155153460226,0.0002872996779939017
566224,30392.02926102064,1,0,0.00526,0.02104,4.0,9.0,98641803554887.78,10735961368.418415,2683990342.104604,37984.68887530779,0.00030392029261020647
566223,32969.9205486502,1,0,0.011250000000000001,0.03645,4.0,8.0,90929081117325.75,20176737282.145153,6227388050.044801,69033.34984340653,0.0003296992054865021
566268,34191.07094883192,1,0,1.8504e-05,0.0004626,5.0,29.0,87681505633049.45,265554605.97858274,10622184.23914331,105.58018973782552,0.00034191070948831923
566267,34291.30797310659,1,0,2.2109393579072532e-05,0.0005165,5.0,28.0,87425203563280.86,297365021.8953913,12729061.579350874,125.41542555557187,0.00034291307973106596
566266,34403.16496970081,1,0,2.660051020408163e-05,0.0005792999999999999,5.0,27.0,87140952951285.14,334608856.9758878,15364692.412158111,149.91165453791038,0.0003440316496970082
566265,34528.54074570272,1,0,3.224197530864197e-05,0.0006529,5.0,26.0,86824537476959.81,378495219.8424364,18691121.96752772,180.3879067032188,0.00034528540745702724
566264,34669.74521359405,1,0,3.9402958579881656e-05,0.0007399,5.0,25.0,86470914670134.62,430684441.6742121,22935857.840638515,218.66020894973147,0.00034669745213594054
566263,34829.61289846081,1,0,4.8585600000000005e-05,0.0008435000000000001,5.0,24.0,86074013763514.55,493252438.0090363,28411340.42932049,267.14835342951596,0.00034829612898460815
566262,35011.65540404935,1,0,6.049375000000001e-05,0.0009679,5.0,23.0,85626473395864.28,568955946.8725859,35559746.679536626,329.1754540208925,0.0003501165540404936
566261,35220.269167799524,1,0,7.615122873345936e-05,0.001119,5.0,22.0,85119297803120.75,661695624.9617898,45030326.08435622,409.4810427956444,0.0003522026916779953
566260,35461.023084251756,1,0,9.699173553719007e-05,0.0013039999999999998,5.0,21.0,84541401213305.03,776362158.0722715,57745945.641739205,514.4870346168879,0.0003546102308425176
566259,35741.06381333164,1,0,0.00012522448979591837,0.001534,5.0,20.0,83878996877584.67,920509638.8310014,75143643.9862042,653.8777324023079,0.00035741063813331643
566258,36069.69837280982,1,0,0.00016424999999999998,0.001825,5.0,19.0,83114767110442.62,1105200023.1369085,99468002.08232175,842.0978988827148,0.00036069698372809825
566257,36459.25055877108,1,0,0.00021899168975069252,0.002196,5.0,18.0,82226719805099.86,1344236176.0408533,134051253.01238425,1098.8904191030265,0.0003645925055877108
566256,36926.35248683151,1,0,0.0002976666666666667,0.002679,5.0,17.0,81186588387496.55,1660904380.613174,184544931.17924154,1456.1281873121702,0.00036926352486831514
566222,37405.56353703069,1,0,0.029093749999999995,0.07447999999999999,4.0,7.0,80146488824640.2,46774739333.02021,18271382551.961018,138697.7849625341,0.00037405563537030697
566255,37493.950440988156,1,0,0.00041406228373702425,0.003324,5.0,16.0,79957554345158.75,2092462685.5346808,260652791.27767652,1964.6513810340798,0.0003749395044098816
566254,38194.52848993941,1,0,0.000591609375,0.004207,5.0,15.0,78490943559878.33,2697796401.193344,379377618.917814,2705.047951594864,0.0003819452848993942
566253,39075.50230119271,1,0,0.0008728,0.005455,5.0,14.0,76721331869059.38,3578778588.0160003,572604574.0825601,3812.833365657924,0.00039075502301192717
566252,40208.690394591766,1,0,0.001338795918367347,0.007289,5.0,13.0,74559120194654.05,4920660300.862376,903794749.1379875,5523.530415914724,0.00040208690394591775
566194,40522.60468755582,1,0,0.66432,1.038,3.0,4.0,73981537048644.83,706204063793.6472,451970600827.93427,2698515.0742468135,0.00040522604687555824
566251,41707.95377902441,1,0,0.0021557396449704146,0.01012,5.0,12.0,71878965721586.27,7086550755.941284,1509561107.7744749,8266.102157215979,0.00041707953779024414
566250,43764.55651450805,1,0,0.0036975000000000003,0.014790000000000001,5.0,11.0,68501198658466.484,10867413994.922066,2716853498.7305164,12876.7227677353,0.00043764556514508054
566221,46537.76989422398,1,0,0.10556122448979592,0.2069,4.0,6.0,64419171499064.16,161659624058.08987,82479400029.6377,325113.87934388564,0.0004653776989422399
566249,46725.09666344905,1,0,0.006902479338842975,0.0232,5.0,10.0,64160906965980.484,18200096861.795563,5414904851.443308,21088.55997345859,0.00046725096663449055
566291,47248.78430482209,1,0,3.0919e-05,0.0005679,6.0,29.0,63449771758340.01,450503338.1295811,24527403.96483275,92.38179331988066,0.000472487843048221
566290,47440.417416139695,1,0,3.706171224732461e-05,0.0006361,6.0,28.0,63193469688571.414,506651582.0796964,29519533.319744498,109.84257448279759,0.00047440417416139705
566289,47654.773402143204,1,0,4.475625e-05,0.0007161,6.0,27.0,62909219076575.695,572948502.2611476,35809281.391321726,131.45681330383465,0.00047654773402143214
566288,47895.67502121309,1,0,5.44713305898491e-05,0.0008104,6.0,26.0,62592803602250.37,651675264.1946763,43802589.774402104,158.3863001696167,0.00047895675021213097
566287,48167.802687730065,1,0,6.688210059171599e-05,0.0009227,6.0,25.0,62239180795425.195,746195905.5938888,54088164.75458662,192.28192488235067,0.00048167802687730076
566286,48476.941428912185,1,0,8.28688e-05,0.001057,6.0,24.0,61842279888805.11,860291643.1173763,67446864.8204023,235.21383067092142,0.00048476941428912196
566285,48830.31678906305,1,0,0.00010386979166666667,0.001221,6.0,23.0,61394739521154.83,1001015291.191348,85155814.70204176,290.57109077535506,0.0004883031678906306
566284,49237.05904090392,1,0,0.00013162381852551986,0.0014210000000000002,6.0,22.0,60887563928411.305,1174685717.0585113,108808317.8371778,362.1533475487174,0.0004923705904090393
566283,49708.85618003495,1,0,0.00016896900826446283,0.0016690000000000001,6.0,21.0,60309667338595.59,1392918198.7934918,141018577.9770271,456.12275820541066,0.0004970885618003495
566282,50260.89092898507,1,0,0.0002202222222222222,0.001982,6.0,20.0,59647263002875.25,1672512370.8728893,185834707.87476552,581.4910063951926,0.0005026089092898508
566281,50913.215832446425,1,0,0.00029191749999999994,0.0023829999999999997,6.0,19.0,58883033235733.18,2036995537.2647212,249531953.31492832,751.1753003044729,0.0005091321583244644
566248,51286.581118042086,1,0,0.014536799999999999,0.04038,5.0,9.0,58454365930533.06,34770070358.48795,12517225329.055664,36864.09225018741,0.000512865811180421
566280,51692.82364510468,1,0,0.00039430747922437675,0.002905,6.0,18.0,57994985930390.42,2521226702.796928,342216366.8616328,984.2756258211598,0.0005169282364510469
566279,52636.85783495287,1,0,0.000544746913580247,0.003602,6.0,17.0,56954854512787.12,3183238439.387849,481415689.90742165,1311.4661719166263,0.0005263685783495288
566278,53797.76474694993,1,0,0.0007724705882352941,0.004556,6.0,16.0,55725820470449.33,4115128989.4368806,697720832.1190559,1780.3103493495796,0.0005379776474694994
566277,55251.90280866633,1,0,0.0011302539062499999,0.005905,6.0,15.0,54259209685168.91,5477755543.947111,1048476647.0836267,2469.5837854097845,0.0005525190280866634
566276,57114.64165381302,1,0,0.0017184844444444445,0.007891,6.0,14.0,52489597994349.94,7566847921.7457485,1647891325.1801853,3513.9284921351104,0.0005711464165381303
566247,59082.13399542892,1,0,0.03695555555555556,0.08315,5.0,8.0,50741643492971.05,82481002858.8177,36658223492.80788,70617.0572423593,0.0005908213399542893
566275,59568.4536634069,1,0,0.0027425,0.01097,6.0,13.0,50327386319944.625,10971309329.557648,2742827332.389412,5155.326912132198,0.0005956845366340691
566313,62819.99984354884,1,0,4.8867555555555564e-05,0.0006872000000000001,7.0,29.0,47722454432763.98,724797334.8581638,51541143.81213609,82.59751474619985,0.0006281999984354884
566274,62919.176283616725,1,0,0.004653550295857988,0.01605,6.0,12.0,47647231846876.82,16954835129.9633,4915898943.007111,7840.803719262367,0.0006291917628361674
566312,63159.207788183434,1,0,5.880998810939358e-05,0.0007728,7.0,28.0,47466152362995.38,819481763.4165578,62362464.754648864,98.33768277752284,0.0006315920778818345
566311,63539.71477922637,1,0,7.133061224489796e-05,0.0008738,7.0,27.0,47181901750999.66,932165031.9058336,76095104.64537418,117.84947615186071,0.0006353971477922638
566310,63968.70742579092,1,0,8.72559670781893e-05,0.0009939,7.0,26.0,46865486276674.33,1067445650.203312,93712649.67491353,142.23360328690464,0.0006396870742579093
566309,64455.05203083022,1,0,0.00010773964497041421,0.0011380000000000001,7.0,25.0,46511863469849.164,1231500893.6050704,116591800.57799481,172.98316550072764,0.0006445505203083023
566308,65009.80188131975,1,0,0.0001343488,0.001312,7.0,24.0,46114962563229.08,1432017032.372571,146638544.11495128,212.0402625897499,0.0006500980188131976
566307,65646.89741323385,1,0,0.00016955555555555555,0.001526,7.0,23.0,45667422195578.79,1681915778.976814,186879530.99742377,262.43746866712735,0.0006564689741323386
566306,66384.14989992067,1,0,0.00021680151228733462,0.0017920000000000002,7.0,22.0,45160246602835.266,1997275199.848868,241636319.07434317,328.1525154713762,0.0006638414989992068
566305,67244.65128295176,1,0,0.0002811239669421488,0.0021260000000000003,7.0,21.0,44582350013019.555,2400250185.243888,317388454.2471257,414.6909978304837,0.0006724465128295177
566273,67719.91924103792,1,0,0.00859201388888889,0.02525,6.0,11.0,44269464783757.05,28708686308.408318,9768927979.944498,12496.958686223104,0.0006771991924103793
566304,68258.84080156157,1,0,0.00037050340136054425,0.002553,7.0,20.0,43919945677299.22,2925804000.412321,424606476.2503142,530.4159910654088,0.0006825884080156158
566303,69467.6131949976,1,0,0.00049792,0.003112,7.0,19.0,43155715910157.13,3629589180.4486427,580734268.8717828,688.2354565954406,0.0006946761319499761
566302,70927.13364508894,1,0,0.000683612188365651,0.003856,7.0,18.0,42267668604814.38,4591820899.1937,814062430.8819855,906.4152540378963,0.0007092713364508895
566301,72716.55753742102,1,0,0.0009633580246913581,0.004877,7.0,17.0,41227537187211.08,5954174690.830363,1176133272.2627878,1215.2435492678765,0.0007271655753742103
566220,74598.5501246084,1,0,0.8548611111111111,1.2309999999999999,4.0,5.0,40187437624354.72,1541785459681.2188,1070684347000.8466,1024653.4675786009,0.0007459855012460841
566300,74950.9192666939,1,0,0.0014002491349480969,0.006323,7.0,16.0,39998503144873.28,7956748877.703173,1762048194.3702528,1662.6223420370668,0.0007495091926669392
566246,75024.91900955299,1,0,0.13162500000000002,0.234,5.0,7.0,39959051200285.484,294752093650.03394,165798052678.1441,155980.2242551357,0.0007502491900955301
566272,75081.05848190929,1,0,0.017882975206611574,0.044160000000000005,6.0,10.0,39929173091271.03,55666633447.770584,22542686272.237675,21160.27112348187,0.0007508105848190931
566299,77803.7204096372,1,0,0.002114,0.008456,7.0,15.0,38531892359592.87,11045893325.59362,2761473331.398405,2329.4129238256605,0.0007780372040963722
566334,81156.8968133035,1,0,7.4214e-05,0.0008246000000000001,8.0,29.0,36939862140078.41,1123580695.8291516,101122262.62462364,75.15834381151748,0.0008115689681330351
566298,81548.92801703827,1,0,0.0033479111111111115,0.011770000000000001,7.0,14.0,36762280668773.89,16114996861.51662,4583821329.498061,3357.9918091856894,0.0008154892801703828
566333,81723.92685589961,1,0,8.973567181926279e-05,0.0009317,8.0,28.0,36683560070309.82,1278382532.2761073,123126022.72813874,89.62081571254006,0.0008172392685589963
566332,82362.12787040205,1,0,0.00010941198979591838,0.001059,8.0,27.0,36399309458314.086,1464397653.6710851,151296186.15734425,107.58507486125468,0.0008236212787040207
566331,83084.37181702453,1,0,0.00013466666666666667,0.001212,8.0,26.0,36082893983988.76,1690664627.6192293,187851625.2910255,130.1258729273102,0.0008308437181702454
566330,83906.68158706036,1,0,0.00016727218934911245,0.001396,8.0,25.0,35729271177163.6,1966606497.9482772,235643678.00859538,158.4794213475009,0.0008390668158706038
566329,84849.23476813444,1,0,0.0002103408,0.001623,8.0,24.0,35332370270543.5,2312075201.5168796,299644946.1165876,194.88117449203222,0.0008484923476813446
566328,85937.77261764325,1,0,0.00026775,0.0019039999999999999,8.0,23.0,34884829902893.22,2747176376.109695,386321677.8904258,241.82629371449497,0.0008593777261764326
566297,86645.04629999246,1,0,0.0056359183673469395,0.01726,7.0,13.0,34600068994368.582,25108457622.98497,8198680040.158358,5007.482549416001,0.0008664504629999248
566327,87205.61772345498,1,0,0.0003457429111531191,0.002258,8.0,22.0,34377654310149.703,3306008046.689648,506212952.32866067,303.25403323430123,0.00087205617723455
566271,87600.64319745524,1,0,0.0448987,0.09162999999999999,6.0,9.0,34222632055823.62,134766046298.1076,66035362686.07273,39026.66167244142,0.0008760064319745525
566326,88696.62927188509,1,0,0.00045370041322314046,0.002711,8.0,21.0,33799757720333.99,4037124467.2901835,675634466.6332746,384.6778412213406,0.0008869662927188511
566325,90469.64448862706,1,0,0.0006066734693877551,0.003303,8.0,20.0,33137353384613.65,5017033065.606872,921495869.1930988,494.41479979567987,0.0009046964448862708
566324,92605.35422606049,1,0,0.0008290349999999999,0.0040939999999999995,8.0,19.0,32373123617471.57,6365308274.509454,1288974925.5881643,644.8265310940214,0.000926053542260605
566296,93920.19449173106,1,0,0.010315739644970413,0.027239999999999997,7.0,12.0,31919914521300.777,42953800174.16496,16266527876.606848,7800.539365332376,0.0009392019449173108
566323,95217.31979557332,1,0,0.0011622714681440442,0.00518,8.0,18.0,31485076312128.812,8280970134.258102,1858057010.7338123,855.1019525976628,0.0009521731979557334
566322,98470.35658583419,1,0,0.00167975,0.006719,8.0,17.0,30444944894525.516,11108250314.603962,2777062578.6509905,1155.5157124140721,0.0009847035658583421
566354,102573.31406746879,1,0,0.00010945555555555555,0.0009851,9.0,29.0,29227139702516.387,1696485736.0483532,188498415.1164837,69.3922966533966,0.001025733140674688
566321,102612.7371201063,1,0,0.0025210899653979237,0.008995,8.0,16.0,29215910852187.72,15496654334.893806,4343352945.074042,1597.0849826483231,0.0010261273712010633
566353,103480.76980042967,1,0,0.00013305588585017835,0.001119,9.0,28.0,28970837632747.793,1944129737.2941236,231168815.37385535,82.88138806766926,0.001034807698004297
566352,104506.1435099017,1,0,0.00016326530612244898,0.00128,9.0,27.0,28686587020752.074,2245883876.313059,286464780.14197177,99.71316245357258,0.001045061435099017
566295,105035.00426491935,1,0,0.021275555555555554,0.047869999999999996,7.0,11.0,28542147458181.01,84417598028.7303,37518932457.21347,12863.377686085843,0.0010503500426491937
566351,105671.71139920696,1,0,0.00020219478737997258,0.001474,9.0,26.0,28370171546426.74,2615120652.6805406,358727112.8505542,120.77990948795095,0.00105671711399207
566350,107005.491927791,1,0,0.0002534023668639053,0.001713,9.0,25.0,28016548739601.58,3077506201.7783246,455252396.7127699,147.6184897920138,0.00107005491927791
566320,108036.04317123676,1,0,0.003967734375,0.01254,8.0,15.0,27749300066907.293,22745825978.232815,7196921500.925227,2267.5009481588822,0.0010803604317123677
566349,108543.18629001794,1,0,0.00032144,0.002009,9.0,24.0,27619647832981.484,3661154098.997279,585784655.8395646,181.9855953719794,0.0010854318629001797
566348,110330.95551476972,1,0,0.00041354166666666666,0.002382,9.0,23.0,27172107465331.203,4412397628.030959,766041254.8664858,226.60356691645273,0.0011033095551476974
566347,112429.4858252367,1,0,0.0005406427221172023,0.00286,9.0,22.0,26664931872587.684,5398607622.59867,1020530741.512036,285.2936719987036,0.0011242948582523673
566270,113086.94081457183,1,0,0.1578283950617284,0.2609,6.0,8.0,26509909618261.61,495361261765.82135,299662985512.6574,82319.449083132,0.0011308694081457185
566346,114920.0952696931,1,0,0.0007198347107438017,0.0034840000000000006,9.0,21.0,26087035282771.965,6722172140.301077,1388878541.3845198,363.5658281115458,0.0011492009526969313
566319,115394.93994698128,1,0,0.006634800000000001,0.018430000000000002,8.0,14.0,25979688376088.32,35706526678.70443,12854349604.333593,3323.5064944854944,0.001153949399469813
566345,117914.18275621635,1,0,0.0009793650793650794,0.004319,9.0,20.0,25424630947051.625,8550366986.634696,1938858727.128049,469.8451527039521,0.0011791418275621638
566344,121568.36209308557,1,0,0.001367,0.005468,9.0,19.0,24660401179909.555,11160523782.25203,2790130945.5630074,616.9779035041354,0.001215683620930856
566245,123718.9462174195,1,0,1.0462040816326532,1.4240000000000002,5.0,6.0,24231733874709.44,2957887877247.84,2173142113896.3726,455917.44730162056,0.0012371894621741953
566294,123871.68194967169,1,0,0.05289256198347108,0.1,7.0,10.0,24201855765695.0,207973279637.40427,110002395841.27168,22992.847628713174,0.0012387168194967172
566318,125870.78881400386,1,0,0.012059081632653063,0.02918,8.0,13.0,23817476701683.01,61665995565.70633,25484416534.807213,5076.992877001413,0.0012587078881400387
566343,126109.70692335912,1,0,0.001966481994459834,0.007098999999999999,9.0,18.0,23772353874566.797,15030768934.044233,4163647904.1673784,824.7743918460271,0.0012610970692335914
566373,127459.53546655989,1,0,0.00015797222222222222,0.001175,10.0,29.0,23520598667068.977,2514465631.2007184,338055934.8614299,64.86020120179668,0.001274595354665599
566372,128863.7534112199,1,0,0.00019336979785969084,0.001344,10.0,28.0,23264296597300.387,2907806824.7731338,418364596.6677161,77.67286350087562,0.0012886375341121994
566371,130457.72762670362,1,0,0.00023891326530612244,0.0015480000000000001,10.0,27.0,22980045985304.66,3390597767.9715953,523293788.1690855,93.63600404073121,0.0013045772762670365
566342,131879.95963332016,1,0,0.002936728395061729,0.009515000000000001,9.0,17.0,22732222456963.492,21067990026.492756,6502466057.559493,1126.2852539336088,0.0013187995963332018
566370,132279.09705586065,1,0,0.00029843347050754457,0.0017980000000000001,10.0,26.0,22663630510979.332,3993157269.0471616,662787420.5140008,113.76464414062202,0.0013227909705586067
566369,134375.77520162755,1,0,0.00037731952662721887,0.0021079999999999996,10.0,25.0,22310007704154.17,4755838465.289229,851266944.2307644,139.38291479799287,0.0013437577520162758
566368,136809.65495670208,1,0,0.000484,0.0025,10.0,24.0,21913106797534.074,5742384413.365593,1111725622.4275787,172.48609624995808,0.001368096549567021
566341,139417.67714600495,1,0,0.004595155709342561,0.013280000000000002,9.0,16.0,21503188414625.7,31085039501.866592,10756069031.78775,1576.9095152350694,0.0013941767714600497
566367,139662.02987433717,1,0,0.0006304184027777778,0.003001,10.0,23.0,21465566429883.793,7036875238.93946,1478232472.0688794,215.58294944631382,0.001396620298743372
566317,141830.859537235,1,0,0.02469301775147929,0.05152,8.0,12.0,21137322228615.215,122682352476.88327,58800417459.33459,8187.945167536502,0.0014183085953723502
566366,143041.73461100797,1,0,0.0008364782608695653,0.003657,10.0,22.0,20958390837140.27,8782602645.855562,2008875085.3469243,272.69134207983967,0.0014304173461100798
566365,147097.7368663938,1,0,0.001134,0.004536,10.0,21.0,20380494247324.555,11202489431.515736,2800622357.878934,349.5773607490118,0.0014709773686639382
566340,149622.58702350862,1,0,0.0076484375,0.01958,9.0,15.0,20036577629345.277,49186435751.69344,19213451465.505253,2278.875659547004,0.0014962258702350864
566364,152039.29961977215,1,0,0.0015762925170068028,0.005745,10.0,20.0,19718089911604.21,14664977442.155916,4023723969.3897185,454.8490793113729,0.0015203929961977217
566391,156302.22102142256,1,0,0.00022463999999999996,0.0014039999999999999,11.0,29.0,19180306974582.97,3684408393.617735,589505342.9788376,61.33367938031002,0.0015630222102142259
566363,158169.60540757817,1,0,0.00225907,0.007468000000000001,10.0,19.0,18953860144462.14,19831832530.226974,5999129340.393661,602.3180147124849,0.001581696054075782
566390,158419.13987442004,1,0,0.00027687039239001195,0.0016170000000000002,11.0,28.0,18924004904814.375,4300838916.693359,736409992.8702067,73.58739700508903,0.0015841913987442006
566389,160834.98381494288,1,0,0.0003449387755102041,0.0018780000000000001,11.0,27.0,18639754292818.65,5071210214.817943,931446774.1502345,88.94534104841901,0.0016083498381494292
566293,162091.02811844216,1,0,0.184064,0.2876,7.0,9.0,18495314730247.59,782678428917.9425,500914194507.4831,46729.7145981498,0.001620910281184422
566388,163612.35305949068,1,0,0.0004351604938271605,0.002203,11.0,26.0,18323338818493.316,6051542584.556709,1195366436.4556463,108.43250884362993,0.0016361235305949072
566339,164117.26994449404,1,0,0.013817777777777776,0.031089999999999996,9.0,14.0,18266965938526.305,85666399055.61635,38073955135.82949,3421.9358426193567,0.0016411726994449408
566362,165944.627385287,1,0,0.003358504155124654,0.010020000000000001,10.0,18.0,18065812839119.383,27916850686.153004,9357171559.624691,813.5078052047253,0.0016594462738528703
566387,166832.0511049466,1,0,0.0005564023668639054,0.002612,11.0,25.0,17969716011668.16,7316243777.705756,1558489798.8012261,133.3436126007554,0.0016683205110494662
566316,168806.2877737268,1,0,0.060918749999999994,0.1083,8.0,11.0,17759555165495.44,306939359089.17175,172653389487.6591,14259.883300671256,0.0016880628777372682
566386,170600.13219730512,1,0,0.0007227648,0.003137,11.0,24.0,17572815105048.06,8985233921.1086,2070197895.4234219,165.64582470651698,0.0017060013219730515
566385,175058.4808694018,1,0,0.000956,0.003824,11.0,23.0,17125274737397.783,11239229643.308956,2809807410.827239,208.08166208940676,0.0017505848086940183
566361,176082.5018264111,1,0,0.005235864197530865,0.01402,10.0,17.0,17025681421516.082,41447631654.73139,15478899475.995369,1126.4144164537977,0.0017608250182641115
566384,180401.17307666782,1,0,0.0012919168241965974,0.004746,11.0,22.0,16618099144654.266,14374826019.560781,3912996118.7462244,264.787857858972,0.0018040117307666786
566338,186151.52586829165,1,0,0.028127551020408162,0.05513,9.0,13.0,16104754264120.994,172301912832.70004,87909139200.35716,5414.282934491359,0.0018615152586829169
566383,186900.66847663792,1,0,0.001789586776859504,0.0060149999999999995,11.0,21.0,16040202554838.543,18874784085.59059,5615638240.3410015,341.7222675100515,0.0018690066847663795
566408,189711.56515322567,1,0,0.00031602999999999997,0.0016829999999999998,12.0,29.0,15802539911463.197,5360600332.48377,1006601617.9886192,58.57103841638645,0.0018971156515322572
566360,189782.3321644562,1,0,0.008666782006920415,0.0207,10.0,16.0,15796647379178.283,65957111885.16264,27615261377.524845,1605.0499089992472,0.0018978233216445622
566269,190618.94142141598,1,0,1.23725,1.6159999999999999,6.0,7.0,15727317325576.04,5171814218365.019,3959670260935.7173,227126.38174359335,0.0019061894142141601
566407,192839.23290814733,1,0,0.0003928596908442331,0.001955,12.0,28.0,15546237841694.605,6329620365.227067,1271945115.0099578,70.46750692092256,0.0019283923290814736
566382,194951.48377437264,1,0,0.0025551020408163265,0.007825,11.0,20.0,15377798219118.205,25612171257.261127,8363157961.554653,448.4328152153646,0.0019495148377437267
566406,196430.81434154423,1,0,0.000494281887755102,0.002293,12.0,27.0,15261987229698.879,7562217737.412114,1630120915.3350096,85.44717111922468,0.001964308143415443
566405,200589.48757996646,1,0,0.0006305624142661179,0.0027199999999999998,12.0,26.0,14945571755373.547,9160360785.162888,2123595298.618008,104.53313353358874,0.002005894875799665
566381,205146.64777818884,1,0,0.0037872,0.01052,11.0,19.0,14613568451976.13,36233949146.52715,13044221692.749777,600.249238661302,0.0020514664777818888
566404,205450.5940618874,1,0,0.000817,0.003268,12.0,25.0,14591948948548.389,11272622283.451305,2818155570.8628263,129.10690808261876,0.0020545059406188743
566359,209205.6471981796,1,0,0.015588203125000002,0.03298,10.0,15.0,14330036593897.863,115840269900.0424,54752627569.941925,2375.6993347415,0.0020920564719817962
566403,211195.09924481757,1,0,0.0010778144,0.003986,12.0,24.0,14195048041928.293,14133724984.878603,3821759235.911174,161.18274063039712,0.002111950992448176
566402,218070.40599869634,1,0,0.00145234375,0.00495,12.0,23.0,13747507674278.012,18123306572.35177,5317428490.846266,203.71273642671915,0.0021807040599869636
566380,218419.72687028625,1,0,0.005879667590027701,0.014740000000000001,11.0,18.0,13725521146633.373,54053628083.43946,21561558016.662827,822.0746970064918,0.002184197268702863
566337,223315.75068613683,1,0,0.06899408284023668,0.1166,9.0,12.0,13424599791053.193,437173080378.9185,258682296082.20035,9228.16522667055,0.002233157506861369
566315,223404.55465605957,1,0,0.210399173553719,0.3143,8.0,10.0,13419263473009.432,1178886270833.3416,789171801136.369,28119.151409691814,0.0022340455465605963
566401,226423.66985500514,1,0,0.0020059565217391303,0.006279,12.0,22.0,13240332081534.494,23869746903.78854,7625684738.639439,260.9877312680461,0.0022642366985500518
566424,228458.8114008779,1,0,0.0004420888888888889,0.00203,13.0,29.0,13122385438395.393,7786449240.712543,1695715612.4218426,56.49838069425196,0.0022845881140087796
566423,233009.882969534,1,0,0.0005549060642092747,0.002381,13.0,28.0,12866083368626.805,9314707957.488667,2170847514.468227,68.17309549760714,0.0023300988296953403
566379,236328.92989794028,1,0,0.009697777777777777,0.02182,11.0,17.0,12685389729030.072,86577918566.81184,38479074918.583046,1158.1923123620254,0.002363289298979403
566400,236757.34276874622,1,0,0.0028555413223140492,0.008178,12.0,21.0,12662435491718.773,32507686977.401123,11350824585.084276,339.8003030296459,0.0023675734276874627
566422,238274.07643929977,1,0,0.00070625,0.002825,13.0,27.0,12581832756631.078,11301361133.38256,2825340283.34564,82.97496880720384,0.002382740764392998
566358,238680.1882207925,1,0,0.03157831111111111,0.05872,10.0,14.0,12560424903078.89,235308667476.7633,126543772287.50381,3697.4165646282263,0.0023868018822079257
566421,244420.9202996172,1,0,0.0009130534979423868,0.003396,13.0,26.0,12265417282305.744,13936109898.8956,3746882771.170833,101.94400734516124,0.0024442092029961725
566399,249826.3997007568,1,0,0.004215419501133787,0.011,12.0,20.0,12000031155998.434,46138823946.517044,17681318020.32059,450.51200512211256,0.0024982639970075682
566420,251676.99007659775,1,0,0.0012015147928994083,0.004144,13.0,25.0,11911794475480.586,17510508741.718822,5077011410.320842,126.5273249175046,0.002516769900765978
566419,260351.91398618135,1,0,0.0016147264,0.005149,13.0,24.0,11514893568860.492,22507080927.625374,7058220578.9033165,158.89843618483934,0.002603519139861814
566378,261682.2191966678,1,0,0.01736968858131488,0.03486,11.0,16.0,11456355686692.273,153157088855.97556,76313566765.6072,1691.9433995284355,0.0026168221919666786
566398,266818.9367403141,1,0,0.0065276250000000004,0.01545,12.0,19.0,11235801388856.363,69211878845.84602,29242018812.36995,611.5952804576697,0.002668189367403142
566418,270879.9950174336,1,0,0.002225076388888889,0.006539,13.0,23.0,11067353201210.21,29738823000.272327,10119460604.259336,202.27084394092915,0.0027087999501743364
566439,273528.9279673424,1,0,0.00061675,0.002467,14.0,29.0,10960173763990.084,11329426304.89755,2832356576.2243876,54.98507960915258,0.0027352892796734243
566292,278033.75094073237,1,0,1.427753086419753,1.807,7.0,8.0,10782592292685.568,8435118289517.03,6664784821346.788,123197.04666089406,0.0027803375094073244
566438,280078.52351392026,1,0,0.0007833531510107016,0.002928,14.0,28.0,10703871694221.492,13768492318.389942,3683603771.269604,66.61011828147112,0.002800785235139203
566417,283889.59837156464,1,0,0.0031586011342155007,0.008525,13.0,22.0,10560177608466.693,40633045453.8903,15054965801.441395,261.4195440964009,0.002838895983715647
566437,287719.1556527892,1,0,0.0010104910714285715,0.0035210000000000003,14.0,27.0,10419621082225.766,17008668160.732933,4881314204.291977,81.42113516258664,0.0028771915565278926
566357,288311.5121868318,1,0,0.07704489795918368,0.1248,10.0,13.0,10398213228673.584,604104506163.9164,372942067580.78516,6182.471785809418,0.0028831151218683183
566397,289717.4165335448,1,0,0.010729861495844874,0.02292,12.0,18.0,10347754083513.604,111487126783.59752,52192034422.23816,852.6820782386203,0.002897174165335448
566436,296730.0376086282,1,0,0.0013268518518518518,0.004299,14.0,26.0,10103205607900.434,21417287307.748596,6610273860.416234,100.51749069831958,0.0029673003760862827
566336,298394.99284832383,1,0,0.23666666666666666,0.3408,9.0,11.0,10046832727933.424,1707365978564.855,1185670818447.8162,17729.490618954136,0.0029839499284832387
566377,300100.2137278102,1,0,0.035032499999999994,0.062279999999999995,11.0,15.0,9989744901411.854,313798175779.6596,176511473876.05853,2594.661740353585,0.0030010021372781025
566416,300324.60260321805,1,0,0.00465297520661157,0.01149,13.0,21.0,9982281018650.97,57935724954.2062,23461574568.23226,344.10512663804116,0.003003246026032181
566435,307492.6015982305,1,0,0.0017793639053254437,0.005346,14.0,25.0,9749582801075.275,27599367621.34663,9186180051.483715,125.52714793968306,0.0030749260159823053
566434,320541.70277910825,1,0,0.00244584,0.006794,14.0,24.0,9352681894455.18,36563317030.28706,13162794130.903341,158.7819717643213,0.003205417027791083
566415,321669.9836265755,1,0,0.007177777777777779,0.01615,13.0,20.0,9319876682930.633,87220499512.47047,38764666449.986885,462.7124248147344,0.003216699836265756
566396,322093.4805382764,1,0,0.01915333333333333,0.036719999999999996,12.0,17.0,9307622665910.3,198572961486.29636,103576637318.4694,1231.4668482320476,0.0032209348053827643
566453,326195.99934496667,1,0,0.0008612977777777779,0.0030280000000000003,15.0,29.0,9190562073171.111,16583263711.44739,4717017233.478369,53.99310369879952,0.003261959993449667
566452,335553.76481748576,1,0,0.0011089274673008324,0.003643,15.0,28.0,8934260003402.523,20523753645.51112,6247420848.09851,65.6933086677523,0.0033555376481748584
566433,336650.9752794051,1,0,0.0034640625000000006,0.008868000000000001,14.0,23.0,8905141526804.898,50123462864.61643,19579477681.490795,203.8769800627864,0.0033665097527940512
566451,346580.50001405046,1,0,0.0014533877551020408,0.004451,15.0,27.0,8650009391406.795,25899848527.091278,8457093396.601233,80.7077938028809,0.0034658050001405054
566414,350403.02732311684,1,0,0.011769799999999999,0.02402,13.0,19.0,8555646915788.562,141311126536.67413,69242452002.97032,639.4043854230257,0.003504030273231169
566432,356982.22683193936,1,0,0.005091209829867675,0.01197,14.0,22.0,8397965934061.381,71742457752.73311,30514277872.145462,266.4833225710461,0.0035698222683193943
566450,359739.70052165835,1,0,0.001945108367626886,0.005539,15.0,26.0,8333593917081.464,33454553646.0332,11748101143.188614,100.25575025227415,0.003597397005216584
566376,364705.1091747176,1,0,0.08512,0.133,11.0,14.0,8220133210592.883,814383553158.7657,521205474021.6101,4268.64606619741,0.003647051091747177
566395,371095.09094848065,1,0,0.03850159169550173,0.06584,12.0,16.0,8078588623572.504,410214056026.9611,239882960098.8112,1864.8782860047681,0.003710950909484807
566449,375681.1319964428,1,0,0.002668307692307692,0.007045999999999999,15.0,25.0,7979971110256.306,44442402531.153435,16830258946.708992,126.10705024388315,0.0037568113199644287
566431,383362.9150879589,1,0,0.007833161157024794,0.01685,14.0,21.0,7820069344245.66,108453983917.96083,50417657813.10162,355.51595086169345,0.00383362915087959
566466,388133.5430869467,1,0,0.0012083411111111111,0.0037630000000000003,16.0,29.0,7723951287890.692,24521718410.10978,7874196245.024139,53.50192705286042,0.003881335430869468
566356,388429.87270893046,1,0,0.26297810650887576,0.3673,10.0,12.0,7718058755605.78,2395350423778.123,1715014208740.5498,11626.167504402634,0.0038842987270893054
566314,388698.62156580336,1,0,1.6191900000000001,1.999,8.0,9.0,7712722437562.019,13045517164584.482,10566868903313.432,71484.85469440975,0.0038869862156580342
566413,390986.0624328683,1,0,0.020946481994459837,0.03858,13.0,18.0,7667599610445.803,253255569815.5814,137501639013.44586,913.9675297187848,0.003909860624328684
566448,395344.4316739207,1,0,0.0037711872,0.009207,15.0,24.0,7583070203636.21,61112390952.81523,25031635334.273117,160.94187823937483,0.003953444316739208
566465,401454.9281084056,1,0,0.0015810808561236625,0.004601,16.0,28.0,7467649218122.102,31011625640.99981,10656789310.64084,65.43690045137305,0.004014549281084057
566464,417340.69684553135,1,0,0.002112206632653061,0.00573,16.0,27.0,7183398606126.374,40149566893.38822,14800031673.710709,80.89043204773338,0.004173406968455314
566430,418841.14113041665,1,0,0.012806122448979591,0.0251,14.0,20.0,7157665008525.322,176505629564.65387,90053892635.0275,486.9240308823813,0.004188411411304167
566447,420140.4309012705,1,0,0.00552888888888889,0.012440000000000001,15.0,23.0,7135529835985.928,87750654179.16772,39000290746.29677,208.92534882539823,0.004201404309012706
566463,436570.83794433565,1,0,0.002892378600823045,0.0072959999999999995,16.0,26.0,6866983131801.042,53477987278.07964,21200464092.40743,101.22503178691035,0.004365708379443357
566446,452287.9239679104,1,0,0.008493005671077504,0.01755,15.0,22.0,6628354243242.41,133268533590.68011,64492900943.69397,276.9323278030116,0.004522879239679105
566412,452348.39199042605,1,0,0.041970617283950615,0.06938,13.0,17.0,6627468192842.499,526917778623.02277,318752730278.1249,1368.1744683621566,0.004523483919904261
566394,453408.14100102655,1,0,0.0932140625,0.1412,12.0,15.0,6611977838292.083,1074878847038.4309,709587988865.2141,3024.4404330709244,0.004534081410010267
566462,460273.1048832462,1,0,0.004080201183431952,0.009544,16.0,25.0,6513360324975.884,73753313257.23976,31530632442.814037,128.4673031140968,0.004602731048832463
566478,461580.1043581725,1,0,0.0017096400000000001,0.004749000000000001,17.0,29.0,6494917245552.895,36803130066.57497,13249126823.966988,53.52451430330094,0.004615801043581726
566429,468906.69363398204,1,0,0.022741875,0.04043,14.0,19.0,6393435241383.25,318291968088.1307,179039232049.57352,689.9150680038402,0.004689066936339821
566477,480543.27691771864,1,0,0.0022803281807372176,0.005919,17.0,28.0,6238615175784.306,47754725331.33684,18397777654.40325,65.86801412101832,0.004805432769177187
566461,490140.5167510936,1,0,0.005969584,0.01291,16.0,24.0,6116459418355.788,106238603310.61551,49124730170.82861,165.74677456838114,0.004901405167510937
566375,494876.75964299164,1,0,0.28932244897959186,0.3938,11.0,13.0,6057921536187.571,3271962192240.3066,2403890590217.369,7880.073009852906,0.004948767596429917
566445,495487.2427380957,1,0,0.013852561983471073,0.026189999999999998,15.0,21.0,6050457653426.69,217873034174.58267,115238629646.06026,376.3633923434481,0.004954872427380958
566476,503483.54520175915,1,0,0.003117260204081633,0.007543000000000001,17.0,27.0,5954364563788.578,63762435203.064766,26350802303.307373,82.02471288438296,0.005034835452017592
566335,525348.8166259987,1,0,1.8099173553719008,2.19,9.0,10.0,5706541035447.412,19316452883709.707,15964010647693.97,43742.686749350454,0.005253488166259988
566460,528835.3129027134,1,0,0.009151666666666666,0.01824,16.0,23.0,5668919050705.506,161949938461.16968,81256132318.19102,218.27375777634626,0.005288353129027135
566475,531740.2715825896,1,0,0.0043902222222222224,0.009878,17.0,26.0,5637949089463.245,88186900916.30716,39194178185.025406,103.56896217584607,0.005317402715825897
566428,544543.7478391622,1,0,0.04544875346260388,0.07292,14.0,18.0,5505387936040.492,666676185679.5482,415518398276.72675,1022.3477624090756,0.005445437478391623
566489,549595.2865168484,1,0,0.0024495855555555558,0.0061070000000000004,18.0,29.0,5454785827949.591,56351622552.85296,22603261935.0888,54.093968069453005,0.005495952865168485
566411,555332.2493930432,1,0,0.10132318339100346,0.1494,13.0,16.0,5398434150504.704,1392961130914.2422,944707202972.981,2191.5191173347393,0.005553322493930433
566444,556402.1740742889,1,0,0.02471764172335601,0.04258,15.0,20.0,5388053317706.352,397768127886.6116,230903947253.90607,532.5637759202428,0.00556402174074289
566474,567323.8970594658,1,0,0.006412899408284025,0.013380000000000001,17.0,25.0,5284326282638.087,127444969250.72763,61083091771.058815,132.90291282905508,0.005673238970594659
566488,576692.1124418406,1,0,0.0033434351961950056,0.007789,18.0,28.0,5198483758181.0,75415605324.64882,32372215840.901573,67.05746223531763,0.0057669211244184065
566459,580796.8963230245,1,0,0.01489797731568998,0.02727,16.0,22.0,5161743457961.988,265916282530.90112,145273734690.79477,294.59200862854266,0.005807968963230247
566487,610049.3181376978,1,0,0.004701288265306122,0.010209999999999999,18.0,27.0,4914233146185.273,104574595662.95116,48152332951.945625,84.26150580455959,0.006100493181376979
566473,613395.4688516483,1,0,0.009813312000000001,0.018930000000000002,17.0,24.0,4887425376017.991,194951545933.58493,101062881411.97043,173.97093858208424,0.006133954688516484
566393,619103.2418241242,1,0,0.3156168888888889,0.4202,12.0,14.0,4842366147473.112,4367718418125.6484,3280641834058.82,5492.578910880617,0.006191032418241244
566443,648364.8320953208,1,0,0.048921599999999996,0.07644,15.0,19.0,4623823550564.28,832100215712.4105,532544138055.9427,776.2542278126393,0.006483648320953209
566486,652032.0712907386,1,0,0.006858504801097393,0.01385,18.0,26.0,4597817671859.941,151619212666.40048,75081667726.43427,107.60532368218394,0.006520320712907388
566458,654019.3567182525,1,0,0.026505599173553718,0.04439,16.0,21.0,4583846868146.27,487428875144.0792,291047406852.5597,413.33163750785246,0.006540193567182526
566499,656469.5055693034,1,0,0.003570666666666666,0.008034,19.0,29.0,4566738522606.834,88548638972.47095,39354950654.431526,55.26655857344451,0.006564695055693035
566427,671389.1055578715,1,0,0.109375,0.1575,14.0,17.0,4465256518437.188,1775376037499.5923,1232900026041.3838,1618.4963084748797,0.006713891055578717
566472,675225.7264208209,1,0,0.015946875,0.02835,17.0,23.0,4439885008367.71,321393840978.4652,180784035550.3867,233.30274853528954,0.00675225726420821
566355,690719.608820315,1,0,2.000701388888889,2.381,10.0,11.0,4340291692486.01,27611925102392.637,23201687065204.926,27971.833189887966,0.006907196088203151
566498,695503.7181967944,1,0,0.00501307966706302,0.01054,19.0,28.0,4310436452838.243,123076623401.38571,58538227539.30354,69.12703364077689,0.006955037181967945
566485,706358.8443353507,1,0,0.010472204142011833,0.01961,18.0,25.0,4244194865034.7837,232561857179.6163,124193536156.57025,140.0004887049262,0.007063588443353508
566497,744606.6074716155,1,0,0.007301020408163265,0.01431,19.0,27.0,4026185840842.516,178896574753.7619,91273762629.47035,87.8358923314503,0.007446066074716157
566471,762305.134493181,1,0,0.02829640831758034,0.0462,17.0,22.0,3932709415624.1924,591297886177.5647,362155983216.5047,324.7998728431957,0.007623051344931812
566410,762476.9226704543,1,0,0.3420046875,0.4467,13.0,15.0,3931823365224.2812,5718447814179.263,4378186607730.999,3923.926625220547,0.007624769226704544
566457,764495.3496603678,1,0,0.05262945578231293,0.08031,16.0,20.0,3921442532425.9297,1030813220385.032,675521588869.1027,600.6499011763428,0.0076449534966036795
566484,779229.4044605112,1,0,0.017120063999999997,0.029639999999999996,18.0,24.0,3847293958414.6875,387774313493.0078,223978443473.5613,188.06888327170796,0.007792294044605113
566508,788407.0156818294,1,0,0.0053263,0.01087,20.0,29.0,3802508755464.761,143885003015.7222,70503651477.70387,57.15666631017031,0.007884070156818296
566442,802490.4017832123,1,0,0.11750470914127423,0.1657,15.0,18.0,3735776245221.5215,2232532866168.4165,1583181201493.3923,1217.0762989068303,0.008024904017832124
566496,808115.9435252374,1,0,0.011138545953360767,0.0203,19.0,26.0,3709770366517.1836,275426180162.8897,151125476083.89008,113.76885240674706,0.008081159435252375
566507,845389.1286405558,1,0,0.007750273483947682,0.014780000000000001,20.0,28.0,3546206685696.171,209781216091.8143,110004181089.7623,72.33457549886614,0.008453891286405559
566483,881806.4309554683,1,0,0.030089600694444447,0.048010000000000004,18.0,23.0,3399753590764.4067,710788632626.1086,445476903434.0716,258.1143366815261,0.008818064309554684
566374,887546.2765721504,1,0,2.191526627218935,2.572,11.0,12.0,3377767063119.7695,38326351347382.74,32656772745698.906,18556.965729434967,0.008875462765721506
566495,893263.6383470283,1,0,0.018165680473372782,0.0307,19.0,25.0,3356147559692.026,460419317925.05023,272437466227.84036,151.85691964385785,0.008932636383470284
566470,893619.0290370471,1,0,0.05609752066115702,0.0838,17.0,21.0,3354812825808.4727,1257279784766.605,841650103852.0249,468.57711863217116,0.008936190290370473
566506,919057.3117065551,1,0,0.011801250000000001,0.020980000000000002,20.0,27.0,3261956073700.444,323730474852.258,182098392104.3951,93.19337679886274,0.009190573117065552
566426,926365.4158948269,1,0,0.36833044982698965,0.4731,14.0,16.0,3236222476099.3916,7358186430053.335,5728691857307.96,2862.9593645823916,0.00926365415894827
566456,949547.8457976088,1,0,0.1255705,0.1738,16.0,19.0,3157212765283.8584,2770780553331.167,2001888949781.768,928.9581400093292,0.009495478457976091
566516,954721.3019890608,1,0,0.008195733333333333,0.01524,21.0,29.0,3140104419744.423,244285160414.65036,131371130711.87865,59.97590644943099,0.00954721301989061
566494,1013070.1936886264,1,0,0.031891199999999995,0.04983,19.0,24.0,2959246653071.9297,847551176245.8707,542432752797.3572,207.26883780105555,0.010130701936886265
566505,1017784.1652007785,1,0,0.019206790123456788,0.03175,20.0,26.0,2945540599375.1123,542543950491.0356,328205599679.7622,123.67605904675301,0.010177841652007786
566482,1036419.6167056476,1,0,0.059568412098298676,0.08728999999999999,18.0,22.0,2892577998020.889,1518922529567.311,1036542595791.681,369.9022740287705,0.010364196167056477
566515,1039573.5269530951,1,0,0.012557526753864446,0.02182,21.0,28.0,2883802349975.832,380842549406.1481,219176924985.2267,77.50610561063382,0.010395735269530953
566441,1112136.3427721544,1,0,0.39466666666666667,0.4995,15.0,17.0,2695644827618.218,9326721988870.01,7369261818366.427,2128.4164577550946,0.011121363427721546
566469,1113473.1564829769,1,0,0.13400816326530612,0.1824,17.0,20.0,2692408490088.1333,3409887818965.601,2505223703729.829,720.9646620091479,0.01113473156482977
566392,1118564.1014819818,1,0,2.3823826530612244,2.763,12.0,13.0,2680154473067.801,51889235013698.414,44741228149566.484,12700.82670704477,0.01118564101481982
566514,1153246.7448905008,1,0,0.02025515306122449,0.03281,21.0,27.0,2599551737980.1045,635278231145.7565,392187071268.5537,101.58586458354529,0.01153246744890501
566504,1156643.389160353,1,0,0.033688224852071,0.05164,20.0,25.0,2591917792549.9536,1002815919054.1226,654203876187.6746,167.96600543131237,0.011566433891603532
566523,1170055.1941890763,1,0,0.013219122222222221,0.02249,22.0,29.0,2562207829928.702,441805695521.1892,259683569923.01004,64.4068630079354,0.011700551941890765
566493,1193580.8726523642,1,0,0.06304166666666666,0.09078,19.0,23.0,2511706285421.6484,1819187800104.3801,1263324861183.5972,295.1659198550204,0.011935808726523644
566481,1295178.0618156972,1,0,0.14208780991735537,0.1905,18.0,21.0,2314681408205.169,4142475661968.2183,3089739078451.502,564.9891241389719,0.012951780618156975
566522,1300107.1560668796,1,0,0.021304673008323425,0.03387,22.0,28.0,2305905760160.112,739315567916.6509,465039162221.0563,84.0734369987839,0.013001071560668799
566513,1313072.9986308464,1,0,0.03548669410150891,0.05345,21.0,26.0,2283136263654.773,1178343976972.3071,782329883202.4645,137.2871938043396,0.013130729986308466
566455,1321157.329830772,1,0,0.42101135734072026,0.5259,16.0,18.0,2269165459941.1,11665227562682.896,9338644780097.943,1608.8922556604773,0.013211573298307723
566503,1365786.5683024174,1,0,0.06652396799999999,0.09427999999999999,20.0,24.0,2195016885929.858,2161911527147.9504,1525444773555.5938,237.87822979187547,0.013657865683024177
566409,1386508.368023006,1,0,2.5732622222222217,2.9539999999999997,13.0,14.0,2162211674405.311,68765165400473.016,59902099637745.375,8928.557111001854,0.013865083680230064
566529,1458821.1930467384,1,0,0.022355200000000002,0.03493,23.0,29.0,2055032237185.1848,855531797302.7935,547540350273.78784,70.06750586563756,0.014588211930467387
566521,1482906.0152628128,1,0,0.03728640306122449,0.055260000000000004,22.0,27.0,2021655148164.3848,1375814915341.0613,928324094662.5273,113.10074429900631,0.01482906015262813
566492,1495574.2962432045,1,0,0.1501701323251418,0.1986,19.0,22.0,2004530692678.1313,4986809091964.589,3770744114907.0615,447.8265163933024,0.014955742962432048
566512,1553720.482948013,1,0,0.07000100591715977,0.09777000000000001,21.0,25.0,1929513456829.6147,2550433547233.161,1826050054527.8848,193.41970889972467,0.015537204829480135
566468,1554796.0074050992,1,0,0.447363,0.5523,17.0,19.0,1928178722946.0615,14417301008685.062,11678013817034.9,1234.3986991856714,0.015547960074050996
566528,1666689.4425336367,1,0,0.03908718192627824,0.05707,23.0,28.0,1798730167416.5947,1596974799328.6736,1093766331050.3164,93.85711876073854,0.01666689442533637
566425,1694114.3616725146,1,0,2.76416015625,3.145,14.0,15.0,1769611690818.9705,89453817658347.22,78621519426281.73,6424.2137265319725,0.01694114361672515
566502,1715573.5992100842,1,0,0.1582546875,0.2067,20.0,23.0,1747476518279.5767,5953677923112.449,4558284659882.969,358.6576518492104,0.017155735992100844
566520,1758066.4032116316,1,0,0.07350850480109739,0.1013,22.0,26.0,1705239673839.0527,2990062221895.0273,2169743368151.5352,158.63874541024944,0.01758066403211632
566480,1814420.0085591418,1,0,0.4742115646258504,0.5793,18.0,20.0,1652277072484.83,17647242795040.87,14445928909319.172,960.8126555105478,0.018144200085591422
566534,1864970.2911824929,1,0,0.04089583333333333,0.05889,24.0,29.0,1607491869534.9038,1843949310040.2412,1280520354194.612,78.42914004614221,0.018649702911824932
566511,1956087.7141389467,1,0,0.16634112,0.2148,21.0,24.0,1532612550209.5188,7054367949179.095,5462902539844.292,289.9780982783352,0.01956087714138947
566527,1979508.121631189,1,0,0.07692244897959184,0.1047,23.0,27.0,1514479555420.8674,3479681350556.7383,2556500584082.5015,130.9425376635452,0.019795081216311895
566440,2044117.3691674345,1,0,2.9550726643598617,3.3360000000000003,15.0,16.0,1466610785280.421,114489952819881.3,101416705612074.78,4717.356893958969,0.02044117369167435
566491,2101396.969261381,1,0,0.5004958677685951,0.6056,19.0,21.0,1426634102862.4111,21366307479966.645,17658105355344.336,756.0082238847015,0.021013969692613814
566519,2218028.3874551416,1,0,0.1744291420118343,0.2229,22.0,25.0,1351616867013.8948,8300660942596.447,6495635560108.757,236.49778141489065,0.02218028387455142
566533,2218729.434250086,1,0,0.080410225921522,0.1082,24.0,28.0,1351189799766.3132,4030575972251.234,2995374533480.406,108.95441151153989,0.022187294342500864
566501,2417094.5278495974,1,0,0.5268657844990547,0.632,20.0,22.0,1240300925536.059,25647569737221.97,21381055300784.285,601.5267595619667,0.02417094527849598
566454,2439252.6787114237,1,0,3.1459969135802464,3.5269999999999997,16.0,17.0,1229034042337.7966,144443417832015.3,128839962202013.64,3526.849582927346,0.02439252678711424
566538,2476414.1413890356,1,0,0.0838991111111111,0.1117,25.0,29.0,1210590962914.8076,4644211124328.634,3488318577829.063,91.25423646368445,0.02476414141389036
566526,2502307.370118828,1,0,0.18251851851851852,0.231,23.0,26.0,1198064081095.5354,9704834662444.738,7668017511067.446,194.4320484038785,0.025023073701188284
566510,2762880.320947066,1,0,0.5531548611111111,0.6583,21.0,23.0,1085072182559.2375,30536653004062.8,25659270927024.992,483.35344009859614,0.027628803209470663
566532,2809836.412761526,1,0,0.19060905612244897,0.2391,24.0,27.0,1066939187770.5858,11279662838012.48,8992078155303.316,161.036263468186,0.028098364127615266
566467,2882255.577769097,1,0,3.336930747922438,3.718,17.0,18.0,1040131417603.3035,179919145441895.75,161478679011562.94,2679.319123588591,0.028822555777690974
566518,3140121.988495325,1,0,0.57944544,0.6846,22.0,24.0,954715960393.7988,36092662522688.695,30548829559203.715,391.97803929588395,0.03140121988495326
566537,3141527.268661874,1,0,0.19870059453032105,0.2472,25.0,28.0,954288893146.2174,13038415180923.414,10480343236984.812,134.29496357651868,0.03141527268661874
566479,3375861.3555421983,1,0,3.5278724999999995,3.909,18.0,19.0,888047305342.758,221557154347535.8,199955331798651.03,2064.837616834632,0.033758613555421986
566541,3498291.691116676,1,0,0.20679300000000003,0.2553,26.0,29.0,856968156089.6495,14994857375667.883,12145834474290.984,112.71092741640024,0.03498291691116677
566525,3550187.1726844436,1,0,0.6058224852071006,0.711,23.0,25.0,844441274270.3773,42379551584687.15,36110387149082.54,320.6159427105466,0.03550187172684444
566490,3922805.2987403185,1,0,3.720634920634921,4.102,19.0,20.0,764229767142.0719,270164272129141.97,245046958847294.28,1612.7452748268154,0.03922805298740319
566531,3994443.5149665386,1,0,0.6321159122085048,0.7373,24.0,26.0,750523713445.254,49446553278336.76,42392449655638.51,264.2569275380287,0.03994443514966539
566536,4474258.657061219,1,0,0.6584102040816325,0.7636,25.0,27.0,670038281150.4901,57361765894744.46,49459889980672.516,219.37978452861267,0.0447425865706122
566500,4525822.701235602,1,0,3.910685950413223,4.292,20.0,21.0,662404335720.3391,326131505837068.4,297157012549890.9,1273.5033591945344,0.045258227012356024
566540,4991000.238354713,1,0,0.6847919143876339,0.79,26.0,28.0,600666086321.0592,66198810801980.33,57382797948446.695,183.36889561264024,0.049910002383547133
566509,5187648.85073293,1,0,4.101648393194708,4.4830000000000005,21.0,22.0,577896589815.72,390458441100536.0,357243639872702.2,1016.6220211005221,0.05187648850732931
566543,5546035.902023519,1,0,0.7110879999999999,0.8163,27.0,29.0,540552681764.31757,76009518091325.25,66212735759554.43,154.20562760393454,0.0554603590202352
566517,5911019.02949039,1,0,4.292614583333333,4.6739999999999995,22.0,23.0,507175592743.5174,463859623842385.1,426009967035801.7,819.4819806561411,0.05911019029490391
566524,6698668.537410347,1,0,4.4835840000000005,4.865,23.0,24.0,447540367650.28143,547150548794025.7,504253945768574.1,666.4852771721852,0.06698668537410347
566530,7553332.658092267,1,0,4.674556213017752,5.056,24.0,25.0,396900906620.0959,641181795299358.8,592808612517898.2,546.5191566042223,0.07553332658092268
566535,8477746.68980065,1,0,4.864603566529492,5.246,25.0,26.0,353622806825.1582,746696693393098.2,692410102515410.8,451.4699083063789,0.08477746689800651
566539,9474645.911020124,1,0,5.055577806122449,5.437,26.0,27.0,316415474325.332,864883929092046.8,804209673862375.1,375.6531618571847,0.09474645911020126
566542,10546765.612751126,1,0,5.246554102259214,5.627999999999999,27.0,28.0,284250611995.7273,996572477949702.6,929028326649901.0,314.6138181461936,0.10546765612751129
566544,11696841.085625108,1,0,5.437532222222222,5.819,28.0,29.0,256302069768.59027,1142753217385370.5,1067839395356773.9,265.0982685006865,0.1169684108562511
